[
{
    "model": "cars.car",
    "pk": 1,
    "fields": {
        "car_title": "2017 Ferrari 488 GTB",
        "state": "TN",
        "city": "Chennai",
        "color": "White",
        "model": "488 GTB",
        "year": 2017,
        "condition": "Used",
        "price": 700000,
        "description": "<p>The&nbsp;<strong>Ferrari 488</strong>&nbsp;(Type F142M) is a&nbsp;<a href=\"https://en.wikipedia.org/wiki/Rear_mid-engine,_rear-wheel_drive_layout\" title=\"Rear mid-engine, rear-wheel drive layout\">mid-engine</a>&nbsp;<a href=\"https://en.wikipedia.org/wiki/Sports_car\" title=\"Sports car\">sports car</a>&nbsp;produced by the Italian automobile manufacturer&nbsp;<a href=\"https://en.wikipedia.org/wiki/Ferrari\" title=\"Ferrari\">Ferrari</a>. The car replaced the&nbsp;<a href=\"https://en.wikipedia.org/wiki/Ferrari_458\" title=\"Ferrari 458\">458</a>, being the first mid-engine Ferrari to use a turbocharged V8 since the&nbsp;<a href=\"https://en.wikipedia.org/wiki/Ferrari_F40\" title=\"Ferrari F40\">F40</a>. It was succeeded by the&nbsp;<a href=\"https://en.wikipedia.org/wiki/Ferrari_F8\" title=\"Ferrari F8\">Ferrari F8</a>.</p>\r\n\r\n<p>The car is powered by a 3.9-litre&nbsp;<a href=\"https://en.wikipedia.org/wiki/Twin-turbocharged\" title=\"Twin-turbocharged\">twin-turbocharged</a>&nbsp;<a href=\"https://en.wikipedia.org/wiki/V8_engine\" title=\"V8 engine\">V8 engine</a>, smaller in displacement but generating a higher power output than the 458&#39;s&nbsp;<a href=\"https://en.wikipedia.org/wiki/Naturally_aspirated_engine\" title=\"Naturally aspirated engine\">naturally aspirated engine</a>. The 488 GTB was named &quot;The Supercar of the Year 2015&quot; by car magazine&nbsp;<em><a href=\"https://en.wikipedia.org/wiki/Top_Gear_(magazine)\" title=\"Top Gear (magazine)\">Top Gear</a></em>, as well as becoming&nbsp;<em><a href=\"https://en.wikipedia.org/wiki/Motor_Trend\" title=\"Motor Trend\">Motor Trend</a></em>&#39;s 2017 &quot;Best Driver&#39;s Car&quot;.<a href=\"https://en.wikipedia.org/wiki/Ferrari_488#cite_note-7\">[7]</a>&nbsp;<a href=\"https://en.wikipedia.org/wiki/Jeremy_Clarkson\" title=\"Jeremy Clarkson\">Jeremy Clarkson</a>&nbsp;announced the 488 Pista as his 2019 Supercar of the Year.<a href=\"https://en.wikipedia.org/wiki/Ferrari_488#cite_note-8\">[8]</a>&nbsp;The 488 was succeeded by the&nbsp;<a href=\"https://en.wikipedia.org/wiki/Ferrari_F8_Tributo\" title=\"Ferrari F8 Tributo\">F8 Tributo</a>&nbsp;in February 2019.</p>",
        "car_photo": "photos/2022/05/09/1902536891_Lwgoeq0.jpg",
        "car_photo_1": "photos/2022/05/09/1902536917_XxJVB0r.jpg",
        "car_photo_2": "photos/2022/05/09/1902537043_4npnvWd.jpg",
        "car_photo_3": "photos/2022/05/09/1902537077_fh576t5.jpg",
        "car_photo_4": "photos/2022/05/09/1902537082_P8cISPH.jpg",
        "features": "Audio Interface,Airbags,Air Conditioning,Seat Heating,ParkAssist,Power Steering,Reversing Camera",
        "body_style": "Sport",
        "engine": "3.4L Mid-Engine V6",
        "transmission": "Automatic",
        "interior": "Grey",
        "miles": 900,
        "doors": "3",
        "passengers": 2,
        "vin_no": "WPQAB2E81EK1788547",
        "milage": 10,
        "fuel_type": "Petrol",
        "no_of_owners": "1",
        "is_featured": true,
        "created_date": "2022-05-09T16:38:04Z"
    }
},
{
    "model": "cars.car",
    "pk": 2,
    "fields": {
        "car_title": "2017 Ford Edge",
        "state": "MH",
        "city": "Pune",
        "color": "Black",
        "model": "Edge",
        "year": 2017,
        "condition": "Used",
        "price": 500000,
        "description": "<p>The&nbsp;<strong>Ford Edge</strong>&nbsp;is a range of&nbsp;<a href=\"https://en.wikipedia.org/wiki/Crossover_(automobile)\" title=\"Crossover (automobile)\">crossover SUVs</a>&nbsp;manufactured by the&nbsp;<a href=\"https://en.wikipedia.org/wiki/Ford_Motor_Company\" title=\"Ford Motor Company\">Ford Motor Company</a>. Introduced for the 2007 model year, the Edge is the first&nbsp;<a href=\"https://en.wikipedia.org/wiki/Mid-size_CUV\" title=\"Mid-size CUV\">mid-size CUV</a>&nbsp;marketed by Ford in North America; the model line is currently in its second generation. Deriving its name from a trim package of the&nbsp;<a href=\"https://en.wikipedia.org/wiki/Ford_Ranger_(Americas)\" title=\"Ford Ranger (Americas)\">Ford Ranger</a>, the Ford Edge is positioned between the&nbsp;<a href=\"https://en.wikipedia.org/wiki/Ford_Escape\" title=\"Ford Escape\">Ford Escape</a>&nbsp;and the&nbsp;<a href=\"https://en.wikipedia.org/wiki/Ford_Explorer\" title=\"Ford Explorer\">Ford Explorer</a>&nbsp;within the Ford product line.</p>\r\n\r\n<p>Sharing its underpinnings with the&nbsp;<a href=\"https://en.wikipedia.org/wiki/Ford_Fusion_(Americas)\" title=\"Ford Fusion (Americas)\">Ford Fusion sedan</a>, Ford has also produced the model line as the&nbsp;<a href=\"https://en.wikipedia.org/wiki/Lincoln_MKX\" title=\"Lincoln MKX\">Lincoln MKX</a>&nbsp;(since 2019, the Lincoln Nautilus); the first generation was also produced as the&nbsp;<a href=\"https://en.wikipedia.org/wiki/Mazda_CX-9\" title=\"Mazda CX-9\">Mazda CX-9</a>. The second generation is also marketed by&nbsp;<a href=\"https://en.wikipedia.org/wiki/Ford_of_Europe\" title=\"Ford of Europe\">Ford of Europe</a>, positioned between the Kuga (Escape) and the Explorer PHEV.</p>",
        "car_photo": "photos/2022/05/09/1901478607_w9NyOzZ.jpg",
        "car_photo_1": "photos/2022/05/09/1901478618_q4g3j6l.jpg",
        "car_photo_2": "photos/2022/05/09/1901478646_b12Kdkj.jpg",
        "car_photo_3": "photos/2022/05/09/1901478672_nQFizkx.jpg",
        "car_photo_4": "photos/2022/05/09/1901478687_oMKCgMj.jpg",
        "features": "Cruise Control,Audio Interface,Air Conditioning,Power Steering,Direct Fuel Injection,Auto Start/Stop",
        "body_style": "SUV",
        "engine": "3.4L Mid-Engine V7",
        "transmission": "Automatic",
        "interior": "Grey",
        "miles": 15000,
        "doors": "5",
        "passengers": 5,
        "vin_no": "WPQAB2F641EK1788547",
        "milage": 8,
        "fuel_type": "Petrol",
        "no_of_owners": "2",
        "is_featured": true,
        "created_date": "2022-05-09T17:19:14Z"
    }
},
{
    "model": "cars.car",
    "pk": 3,
    "fields": {
        "car_title": "2017 Ford F-250 Super Duty",
        "state": "PB",
        "city": "Amritsar",
        "color": "Black",
        "model": "F-250",
        "year": 2017,
        "condition": "Used",
        "price": 750000,
        "description": "<p>&nbsp;</p>\r\n\r\n<p>The&nbsp;<strong>Ford Super Duty</strong>&nbsp;(short for F-Series Super Duty) is a series of trucks manufactured by the&nbsp;<a href=\"https://en.wikipedia.org/wiki/Ford_Motor_Company\" title=\"Ford Motor Company\">Ford Motor Company</a>&nbsp;since the 1999 model year. Slotted above the consumer-oriented Ford F-150, the Super Duty trucks are an expansion of the Ford F-Series range, from the F-250 to the F-550. Rather than adapting lighter-duty trucks for heavier use, Super Duty trucks have been designed as a dedicated variant of the Ford F-Series, including pickup trucks and chassis cab vehicles; the Ford F-450 is the largest pickup truck offered for sale in North America.</p>\r\n\r\n<p>Currently in their fourth generation, Super Duty trucks use a separate chassis from the F-150, including heavier-duty frame and chassis components, which allows for heavier payloads and towing capabilities. With a&nbsp;<a href=\"https://en.wikipedia.org/wiki/Gross_vehicle_weight_rating\" title=\"Gross vehicle weight rating\">GVWR</a>&nbsp;over 8,500&nbsp;lb (3,900&nbsp;kg), Super Duty pickups are&nbsp;<a href=\"https://en.wikipedia.org/wiki/Truck_classification\" title=\"Truck classification\">Class 2 and 3</a>&nbsp;trucks; chassis cab trucks are offered in Class 4 and 5 sizes. The model line also offers&nbsp;<a href=\"https://en.wikipedia.org/wiki/Ford_Power_Stroke_engine\" title=\"Ford Power Stroke engine\">Ford PowerStroke</a>&nbsp;V8 diesel engines as an option.</p>\r\n\r\n<p>Alongside pickup trucks and chassis cabs, the Super Duty line includes medium-duty F-Series trucks (F-650 and F-750); the Super Duty pickup truck also served as the basis for the&nbsp;<a href=\"https://en.wikipedia.org/wiki/Ford_Excursion\" title=\"Ford Excursion\">Ford Excursion</a>&nbsp;full-sized SUV.</p>",
        "car_photo": "photos/2022/05/09/1894300894.jpg",
        "car_photo_1": "photos/2022/05/09/1894300905.jpg",
        "car_photo_2": "photos/2022/05/09/1894300920.jpg",
        "car_photo_3": "photos/2022/05/09/1900155012.jpg",
        "car_photo_4": "photos/2022/05/09/1900155133.jpg",
        "features": "Audio Interface,Airbags,Air Conditioning,Power Steering,Bluetooth Handset",
        "body_style": "SUV",
        "engine": "3.4L Mid-Engine V7",
        "transmission": "Automatic",
        "interior": "Grey",
        "miles": 13000,
        "doors": "3",
        "passengers": 2,
        "vin_no": "WPQAB2F641EK1788585",
        "milage": 12,
        "fuel_type": "Diesel",
        "no_of_owners": "1",
        "is_featured": true,
        "created_date": "2022-05-09T17:21:14Z"
    }
},
{
    "model": "cars.car",
    "pk": 4,
    "fields": {
        "car_title": "2017 Jaguar F-PACE",
        "state": "RJ",
        "city": "Jaipur",
        "color": "Green",
        "model": "F-PACE",
        "year": 2017,
        "condition": "Used",
        "price": 460000,
        "description": "<p><samp>The&nbsp;<strong>Jaguar F-Pace</strong>&nbsp;(X761) is a&nbsp;<a href=\"https://en.wikipedia.org/wiki/Compact_executive_car\" title=\"Compact executive car\">compact luxury</a>&nbsp;<a href=\"https://en.wikipedia.org/wiki/Crossover_SUV\" title=\"Crossover SUV\">crossover SUV</a>&nbsp;made by&nbsp;<a href=\"https://en.wikipedia.org/wiki/Jaguar_Land_Rover\" title=\"Jaguar Land Rover\">Jaguar Land Rover</a>, a British&nbsp;<a href=\"https://en.wikipedia.org/wiki/Automaker\" title=\"Automaker\">car manufacturer</a>, under their&nbsp;<a href=\"https://en.wikipedia.org/wiki/Jaguar_Cars\" title=\"Jaguar Cars\">Jaguar marque</a>. It is the first model to be built by Jaguar in the SUV class. It was formally announced at the&nbsp;<a href=\"https://en.wikipedia.org/wiki/North_American_International_Auto_Show#2015\" title=\"North American International Auto Show\">2015 North American International Auto Show</a>&nbsp;in Detroit, with sales commencing in 2016 following an unveiling at the&nbsp;<a href=\"https://en.wikipedia.org/wiki/International_Motor_Show_Germany#2015\" title=\"International Motor Show Germany\">International Motor Show Germany</a>&nbsp;in Frankfurt in September 2015.<a href=\"https://en.wikipedia.org/wiki/Jaguar_F-Pace#cite_note-4\">[4]</a>&nbsp;The design of the F-Pace is based on the 2013&nbsp;<a href=\"https://en.wikipedia.org/wiki/Jaguar_C-X17\" title=\"Jaguar C-X17\">Jaguar C-X17</a>&nbsp;concept car.<a href=\"https://en.wikipedia.org/wiki/Jaguar_F-Pace#cite_note-BBC_News_120115-5\">[5]</a>&nbsp;The 2017 Jaguar F-PACE has been named the honorary winner of the 2017 World Car of the Year and World Car Design of the Year Awards at the&nbsp;<a href=\"https://en.wikipedia.org/wiki/New_York_International_Auto_Show\" title=\"New York International Auto Show\">New York International Auto Show</a>.<a href=\"https://en.wikipedia.org/wiki/Jaguar_F-Pace#cite_note-6\">[6]</a></samp></p>\r\n\r\n<p><samp>The F-Pace is built at&nbsp;<a href=\"https://en.wikipedia.org/wiki/Jaguar_Land_Rover\" title=\"Jaguar Land Rover\">Jaguar Land Rover</a>&#39;s&nbsp;<a href=\"https://en.wikipedia.org/wiki/Solihull_plant\" title=\"Solihull plant\">Solihull plant</a>&nbsp;along with the&nbsp;<a href=\"https://en.wikipedia.org/wiki/Range_Rover_Velar\" title=\"Range Rover Velar\">Range Rover Velar</a>&nbsp;and employs an additional 1,300 workers.<a href=\"https://en.wikipedia.org/wiki/Jaguar_F-Pace#cite_note-BBC_News_120115-5\">[5]</a></samp></p>",
        "car_photo": "photos/2022/05/09/1902932503.jpg",
        "car_photo_1": "photos/2022/05/09/1902932514.jpg",
        "car_photo_2": "photos/2022/05/09/1902932528.jpg",
        "car_photo_3": "photos/2022/05/09/1902932542.jpg",
        "car_photo_4": "",
        "features": "Airbags,Air Conditioning,Power Steering,Reversing Camera,Auto Start/Stop,Bluetooth Handset",
        "body_style": "SUV",
        "engine": "3.4L Mid-Engine V4",
        "transmission": "Automatic",
        "interior": "Black",
        "miles": 12000,
        "doors": "5",
        "passengers": 5,
        "vin_no": "WPQAB2E81EK1788954",
        "milage": 16,
        "fuel_type": "Petrol",
        "no_of_owners": "1",
        "is_featured": true,
        "created_date": "2022-05-09T17:36:28Z"
    }
},
{
    "model": "cars.car",
    "pk": 5,
    "fields": {
        "car_title": "2018 Toyota 4Runner",
        "state": "GJ",
        "city": "Surat",
        "color": "White",
        "model": "4Runner",
        "year": 2018,
        "condition": "Used",
        "price": 900000,
        "description": 